{"cameraMode":{"drawMode":0,"name":"Shaded","section":"Shading Mode"},"sceneLighting":true,"audioPlay":false,"sceneViewState":{"showFog":true,"showMaterialUpdate":false,"showSkybox":true,"showFlares":true,"showImageEffects":true,"showParticleSystems":true},"in2DMode":false,"pivot":{"x":-0.7617534399032593,"y":2.057868480682373,"z":-0.9141440391540527},"rotation":{"x":-0.0522402748465538,"y":0.8398163318634033,"z":-0.08214104175567627,"w":-0.5340713858604431},"size":1.9064934253692628,"orthographic":true}