{"cameraMode":{"drawMode":0,"name":"Shaded","section":"Shading Mode"},"sceneLighting":true,"audioPlay":false,"sceneViewState":{"showFog":true,"showMaterialUpdate":false,"showSkybox":true,"showFlares":true,"showImageEffects":true,"showParticleSystems":true},"in2DMode":false,"pivot":{"x":0.013710949569940567,"y":3.1723122596740724,"z":0.2701966464519501},"rotation":{"x":-0.32307475805282595,"y":-0.6257520318031311,"z":0.3186483383178711,"w":-0.6344448924064636},"size":2.461190700531006,"orthographic":true}