{"cameraMode":{"drawMode":0,"name":"Shaded","section":"Shading Mode"},"sceneLighting":true,"audioPlay":false,"sceneViewState":{"showFog":true,"showMaterialUpdate":false,"showSkybox":true,"showFlares":true,"showImageEffects":true,"showParticleSystems":true},"in2DMode":false,"pivot":{"x":0.16229800879955293,"y":2.4599785804748537,"z":1.797732949256897},"rotation":{"x":-0.007784620393067598,"y":-0.6709892749786377,"z":-0.0070463186129927639,"w":0.7413927912712097},"size":6.2524895668029789,"orthographic":true}